Date,Instrument Name,Symbol,Expiry Date,Option Type,Strike Price,Open,High,Low,Close,Previous Close,Volume(Lots),Volume(In 000's),Value(Lacs),Open Interest(Lots)
19 Sep 2025,FUTCOM,GOLD         ,03OCT2025,-,0.0,109254.0,109910.0,109066.0,109847.0,109052.0,7902,7902.000 GRMS ,864866.69,12069
19 Sep 2025,FUTCOM,GOLD         ,05DEC2025,-,0.0,110791.0,111014.0,110123.0,110951.0,110134.0,2860,2860.000 GRMS ,316252.48,8075
19 Sep 2025,FUTCOM,GOLD         ,05FEB2026,-,0.0,111423.0,112040.0,111279.0,111996.0,111224.0,132,132.000 GRMS ,14728.05,449
19 Sep 2025,FUTCOM,GOLD         ,02APR2026,-,0.0,112708.0,113081.0,112450.0,112811.0,112708.0,15,15.000 GRMS ,1691.21,99
19 Sep 2025,FUTCOM,GOLD         ,05JUN2026,-,0.0,,,,113259.0,113259.0,0,0.000 GRMS ,0.0,4
19 Sep 2025,FUTCOM,GOLD         ,05AUG2026,-,0.0,,,,114307.0,114307.0,0,0.000 GRMS ,0.0,2
19 Sep 2025,FUTCOM,GOLDGUINEA   ,30SEP2025,-,0.0,87799.0,88150.0,87635.0,88098.0,87637.0,4633,37.064 GRMS ,4072.96,4932
19 Sep 2025,FUTCOM,GOLDGUINEA   ,31OCT2025,-,0.0,88286.0,88764.0,88285.0,88698.0,88235.0,3235,25.880 GRMS ,2864.0,6506
19 Sep 2025,FUTCOM,GOLDGUINEA   ,28NOV2025,-,0.0,88861.0,89479.0,88861.0,89317.0,88857.0,1847,14.776 GRMS ,1646.97,4531
19 Sep 2025,FUTCOM,GOLDGUINEA   ,31DEC2025,-,0.0,89780.0,90000.0,89588.0,89981.0,89545.0,370,2.960 GRMS ,332.26,1352
19 Sep 2025,FUTCOM,GOLDM        ,03OCT2025,-,0.0,109279.0,109786.0,108990.0,109715.0,108951.0,34441,3444.100 GRMS ,376652.87,28699
19 Sep 2025,FUTCOM,GOLDM        ,05NOV2025,-,0.0,109774.0,110400.0,109592.0,110319.0,109575.0,12015,1201.500 GRMS ,132172.59,16401
19 Sep 2025,FUTCOM,GOLDM        ,05DEC2025,-,0.0,110376.0,111051.0,110180.0,110946.0,110149.0,4509,450.900 GRMS ,49875.68,6119
19 Sep 2025,FUTCOM,GOLDPETAL    ,30SEP2025,-,0.0,10999.0,11030.0,10963.0,11020.0,10968.0,68381,68.381 GRMS ,7522.71,62166
19 Sep 2025,FUTCOM,GOLDPETAL    ,31OCT2025,-,0.0,11041.0,11113.0,11040.0,11103.0,11040.0,58173,58.173 GRMS ,6445.3,100964
19 Sep 2025,FUTCOM,GOLDPETAL    ,28NOV2025,-,0.0,11109.0,11180.0,11109.0,11171.0,11111.0,28759,28.759 GRMS ,3206.73,67685
19 Sep 2025,FUTCOM,GOLDPETAL    ,31DEC2025,-,0.0,11199.0,11250.0,11190.0,11245.0,11179.0,4490,4.490 GRMS ,503.96,16908
19 Sep 2025,FUTCOM,GOLDTEN      ,30SEP2025,-,0.0,109351.0,110140.0,109315.0,110041.0,109256.0,6524,65.240 GRMS ,7155.89,8807
19 Sep 2025,FUTCOM,GOLDTEN      ,31OCT2025,-,0.0,109993.0,110550.0,109801.0,110471.0,109805.0,5917,59.170 GRMS ,6518.84,8459
19 Sep 2025,FUTCOM,GOLDTEN      ,28NOV2025,-,0.0,110450.0,111110.0,110370.0,111040.0,110358.0,2057,20.570 GRMS ,2278.56,4648
